"","baseMean","log2FoldChange","lfcSE","stat","pvalue","padj"
"AGR3",147.263883844346,-3.77060368072816,0.353689235080973,-10.6607815752858,1.55286917131309e-26,7.48405297114344e-24
"CPN2",296.746073680307,-3.29504011754576,0.416706476781031,-7.90734078097187,2.62945108514561e-15,1.38309844527796e-13
"PAGE1",2.53225334080665,-3.18581902184399,0.958414964025594,-3.32404975029053,0.00088720367218066,0.00320650776008601
"C1orf87",36.6765938224219,-2.92212933970719,0.370635733278455,-7.88410041811003,3.16809449404905e-15,1.6389653409478e-13
"MUC2",11.0263034450923,-2.74682036540035,0.423750225845862,-6.48216849894847,9.04135820851831e-11,1.75767305301416e-09
"FKBP1BP1",1.46143459548689,-2.72568756350698,0.513491813990063,-5.30814219281736,1.10748233102263e-07,1.06937362271246e-06
"SLITRK1",10.0720228493364,-2.5836432703097,0.514685370959607,-5.01984982688087,5.17118904390008e-07,4.27304682333072e-06
"SOSTDC1",8778.08113927859,-2.55391550775582,0.313190880721334,-8.15450150359966,3.50623054521252e-16,2.21700727223935e-14
"AC021146.2",3.13372846472043,-2.54558088145995,0.384074200557953,-6.62783617791022,3.40643205387348e-11,7.24825575436788e-10
"AL606970.2",1.12365178715325,-2.4724396015637,0.310188649234545,-7.97076104385174,1.57700175430715e-15,8.64905827013748e-14
"AL136366.1",98.4690896433583,-2.45438446451367,0.193481138388318,-12.6853939611813,7.12546704065635e-37,1.83153004813031e-33
"AC254629.1",38.3350077912004,-2.38676455675228,0.21957286302246,-10.8700343198064,1.60140598604321e-27,9.35512260573967e-25
"KCNH7",20.0509194146043,-2.35260481216714,0.237628871426652,-9.90033238824396,4.1489380034336e-23,1.09566064150949e-20
"CAMKV",24.5612227467004,-2.32472382246011,0.306597440192696,-7.58233278464109,3.39396367200702e-14,1.42857711067579e-12
"CHL1-AS2",232.043450273679,-2.29063914309572,0.244816802549071,-9.35654382887626,8.23876029675765e-21,1.32909473640915e-18
"SORCS1",144.553950975464,-2.23148065818309,0.352283430838531,-6.33433327497564,2.38369769136163e-10,4.16617625512869e-09
"LINC00165",4.39095852136806,-2.16906394938837,0.678296633934376,-3.19781028074248,0.00138475350118836,0.00472232053704389
"RAD51AP2",13.0846415228072,-2.15296749990031,0.312609681126796,-6.88707877548763,5.69496900652332e-12,1.42581314945138e-10
"AL606970.4",1.16632747071581,-2.14739797910276,0.334659618343063,-6.41666296559699,1.39293829697596e-10,2.59826458530262e-09
"AC093496.1",54.1872871420543,-2.14701213635184,0.304090396471323,-7.0604404521348,1.65975661443776e-12,4.71233991356864e-11
"AL928654.3",2.40206595609416,-2.140874936125,0.284662759839626,-7.52074116519888,5.44665844307272e-14,2.19896715111112e-12
"CES5AP1",39.1793131028957,-2.12634193932536,0.37349768207864,-5.69305257128116,1.24787943068729e-08,1.48223164909363e-07
"AL353747.3",15.9148039142764,-2.11185074756691,0.363689350723502,-5.80674342915381,6.36996343545479e-09,8.05246918745557e-08
"AC093722.1",2.07680150652238,-2.10685961768056,0.278770294525099,-7.55769053969582,4.10288749256822e-14,1.6955083618806e-12
"RPL36AP29",4.23794635471201,-2.08251757327361,0.347030936425234,-6.00095655656991,1.96158473341488e-09,2.78156899527562e-08
"LMO7DN",16.683497330103,-2.07908726298035,0.348900105048291,-5.95897574376651,2.53823766348084e-09,3.50768069366191e-08
"AC009021.2",1.73407168536515,-2.07725097741064,0.521815890908554,-3.98081203275327,6.86802439137977e-05,0.000334939980311205
"HFM1",48.0966960059403,-2.06717460024895,0.246124737153107,-8.39889002690139,4.50718673161314e-17,3.42759549554391e-15
"VSTM2L",1933.05736563303,-2.06463267224823,0.257863868717274,-8.006676866048,1.17849612748164e-15,6.65272279519502e-14
"AP000344.2",29.8872889569586,-2.05452168244425,0.294651530743614,-6.97271681317671,3.10878015056457e-12,8.28349187872617e-11
"PMP2",2.57401270020132,-2.04634704221048,0.652209140899081,-3.13756265266316,0.0017035886084513,0.00566628384984891
"AC098583.2",1.43135481661506,-2.04251712574795,0.333404730570367,-6.12623918758965,8.99805092272912e-10,1.36586161959348e-08
"WFDC12",234.106043939201,-2.03239754248919,0.320312063400146,-6.34505463489285,2.2234652432549e-10,3.92347487043184e-09
"SCEL",1765.61886014309,-2.02752170330392,0.275115136137132,-7.36972066230951,1.70985928576482e-13,5.99866557069595e-12
"ATP5MC1P3",8.92954400096102,-2.02558173385896,0.282283507070045,-7.17569990143399,7.19381989035089e-13,2.22069591427037e-11
"CMA1",31.0879253526779,-2.01708403980491,0.265162893766235,-7.60696193632265,2.80613910903589e-14,1.19948447325929e-12
"AC005487.1",4.62333754479722,-2.01026736767302,0.215220694892312,-9.34049287722486,9.58867040326619e-21,1.5340281164661e-18
"MTCO1P23",0.975358282921758,-2.00846047229049,0.566053149233078,-3.54818354956893,0.000387897802841366,0.00154885953669757
"AC093390.1",24.5328489294371,-2.00637251841594,0.396391966833159,-5.06158723256977,4.15780423999404e-07,3.50085288373634e-06
"AC087477.5",33.3341386367218,-1.99979380583997,0.183527678843284,-10.8964152897482,1.19887936367031e-27,7.11138349933421e-25
"AC006960.2",5.90655060314568,-1.99036005488468,0.597892852866667,-3.32895776449185,0.000871716225170798,0.00315882432121102
"LINC01965",3.84107786498973,-1.97189291400912,0.307421949234455,-6.41428798080145,1.41482539380696e-10,2.63272238820566e-09
"ADGRA1-AS1",2.02995372043594,-1.96956126616364,0.48896417990047,-4.028027710669,5.62467154832389e-05,0.000280404494720941
"MTCYBP18",124.907622416546,-1.9631146540558,0.278715074654319,-7.04344627390746,1.87542334540521e-12,5.25882345494133e-11
"SLC7A13",11.9073380343559,-1.9570798354945,0.390142259175898,-5.01632363443137,5.26695797004277e-07,4.34137893928475e-06
"KCNT2",1076.87703260157,-1.95462459354267,0.234623884937051,-8.33088495686232,8.02402748849015e-17,5.81530834297418e-15
"LRFN5",243.164165803442,-1.95158411313728,0.337898358838718,-5.77565431168248,7.66546099038361e-09,9.53693171814232e-08
"SCN2B",51.9046009452784,-1.94686072262696,0.34051784610953,-5.71735298126118,1.08196214778189e-08,1.30087258335764e-07
"SLC22A7",818.962506297546,-1.93774491595363,0.328339557820158,-5.90164928288962,3.59885573927379e-09,4.78639123433737e-08
"AL008987.1",0.862320790739198,-1.93539027883847,0.502807524199217,-3.84916729701055,0.000118520042831927,0.000542457119115358
"WFDC5",350.057801050783,-1.91268320509311,0.327342679667761,-5.84306087747066,5.12502775253058e-09,6.63311748998218e-08
"AC087477.4",5.78439907720203,-1.91229983740144,0.236100112581962,-8.09952954485606,5.51721270052181e-16,3.34994728946959e-14
"ZPBP",8.91159924408621,-1.9118480913712,0.22723688460987,-8.41345846935695,3.98095263042029e-17,3.06979219236969e-15
"AC090340.1",2.97040428047892,-1.89548374016081,0.372217355887995,-5.09241095337637,3.53538770960504e-07,3.02444002189686e-06
"LHB",21.3309927575458,-1.89149079919351,0.20717148510031,-9.13007308065425,6.84530697677175e-20,9.4259877070147e-18
"AC025125.1",0.570746316289027,-1.88616178802664,0.769828498647583,-2.45010647350703,0.0142813977160948,0.0355499754885243
"CYP27C1",127.671671556705,-1.88250104736135,0.265745306513162,-7.08385435687124,1.40199254568413e-12,4.06736076684707e-11
"KLHL1",3.46496769630149,-1.87889737164141,0.383264857040473,-4.90234712921513,9.4698303762182e-07,7.34054644120364e-06
"AC010997.3",1.14630207937761,-1.8764154304649,0.341765917313631,-5.49035271045752,4.01131882803062e-08,4.25827116557127e-07
"AC097359.1",4.19680011505936,-1.86368426132748,0.251738832995942,-7.40324501844942,1.32896211628451e-13,4.83847623753214e-12
"CRB3P1",8.53288344527612,-1.86165947194762,0.285048578922222,-6.53102526940009,6.53209757234803e-11,1.30628399377308e-09
"AC108078.1",3.03247040245702,-1.85860303416932,0.482909126711107,-3.84876352788669,0.00011871553882552,0.000542982925167736
"LINC01446",1.18943297528489,-1.85588845006399,0.712203503266238,-2.60584010265703,0.00916492350237565,0.0243379565092359
"AC010395.1",5.82469364074931,-1.85473219854686,0.269904497467694,-6.87180916193836,6.33927253701367e-12,1.57282491594015e-10
"SRGAP3-AS4",2.90980676553275,-1.84786375308158,0.232304140956448,-7.95450199670792,1.79853472752296e-15,9.79439335513773e-14
"AC097359.3",3.55190310134809,-1.84756807926281,0.304303251218048,-6.07147006109025,1.26744593260213e-09,1.87088994553628e-08
"RELN",3337.60896129013,-1.8277033708066,0.246541233991492,-7.41337804316206,1.23122265650344e-13,4.50389191120936e-12
"PAPOLB",1.53126216782355,-1.82625807579652,0.40267212168382,-4.53534768724444,5.75086681541325e-06,3.6552987295594e-05
"AC015818.3",12.3764536123628,-1.81526582659506,0.292432094142119,-6.20747812212726,5.38416014878662e-10,8.61018990861124e-09
"AC036214.1",7.23309234215411,-1.8150238088403,0.300182405342611,-6.04640304207281,1.48115298638079e-09,2.15580726851256e-08
"IFITM5",13.5853511083365,-1.81266016874888,0.361499966866085,-5.01427478531518,5.32338643163526e-07,4.38097091266017e-06
"TDRD1",79.8312460983973,-1.8089477522941,0.337287810526459,-5.36321709779724,8.17526495399334e-08,8.12804320696667e-07
"AC006041.1",1.75761236067424,-1.80741425549721,0.298098388246953,-6.06314668833398,1.33483817765324e-09,1.9583721757077e-08
"LINC00642",13.0687085427854,-1.80481647375084,0.251648515576045,-7.17197345519586,7.39242783206063e-13,2.27290627984792e-11
"MSLNL",10.0249465240637,-1.80214742017406,0.330757574130307,-5.4485446778131,5.07836354404393e-08,5.25218306878106e-07
"AL354977.2",2.92467100920074,-1.79609498473559,0.341644201990356,-5.25720903288238,1.46258038662581e-07,1.37238377675212e-06
"LINC01381",0.824362053085663,-1.79315608900278,0.433513688250431,-4.13633095702141,3.52903109273217e-05,0.000184745855819934
"MUC12",496.558135132778,-1.78070884138135,0.232082931098789,-7.67272643856508,1.68378347027894e-14,7.59297724913155e-13
"RPL7AP28",6.44450910962923,-1.77429826527291,0.440941286101025,-4.02388780819766,5.7245195715625e-05,0.000284903287209454
"CYSLTR2",2534.85227098094,-1.76897089320555,0.292679399341803,-6.04405672959467,1.50286629534475e-09,2.18328985995901e-08
"COX6B2",31.2289219240671,-1.73931519447203,0.230684868444307,-7.53978883054457,4.70733095967936e-14,1.92670756349679e-12
"AC092590.1",5.90960976816519,-1.73608870231825,0.574649931648951,-3.02112400385496,0.00251838199773381,0.00796805648322868
"AP000345.2",99.2190588051651,-1.7311753281672,0.209623553964291,-8.25849622062079,1.47519136174073e-16,1.00846592452616e-14
"HTR3D",4.6044758143763,-1.72649419858632,0.240682361698674,-7.17333080164732,7.3194700382926e-13,2.25227044530255e-11
"AL512347.1",6.28986318883753,-1.71343973532439,0.333059898308939,-5.14453929765821,2.68178113318582e-07,2.36556287739905e-06
"ZDHHC11B",241.960126682111,-1.71169914522348,0.205728574112256,-8.32018183477757,8.78284673644505e-17,6.3177507233279e-15
"AL158013.1",3.73771611289847,-1.71117682220426,0.525716704639986,-3.25494093511083,0.00113415950572374,0.0039702790904925
"LINC01133",18.9918187558724,-1.70951015990087,0.288377893021144,-5.92802084095792,3.06607592027282e-09,4.14937252306208e-08
"LINC00244",7.04599224675897,-1.70303592939316,0.245462879447623,-6.93805895712456,3.97523827454014e-12,1.03523439451511e-10
"PCDHGA3",50.1871645569476,-1.70268038268284,0.241754315399595,-7.04301960388373,1.88117749160713e-12,5.2711249539538e-11
"GPC5-AS1",45.1387306312911,-1.69336071512089,0.396478803073743,-4.27099936236928,1.94598964799319e-05,0.000109118058272288
"SYCE1",4.35677861021305,-1.6871655109963,0.286528554888015,-5.8882979801287,3.90193127163321e-09,5.15568410243626e-08
"ATXN8OS",0.993010953671739,-1.68399479220013,0.490997416688038,-3.4297426726994,0.000604153916037419,0.00229291843554865
"PGGHG",21584.0425663776,-1.68325005692374,0.225726555623936,-7.45703159413846,8.84934897829958e-14,3.34505391379724e-12
"AL662860.1",4.91441379460328,-1.68293305061781,0.306706283617108,-5.48711630805314,4.08548151777825e-08,4.32680261797281e-07
"SLC13A2",454.443195657009,-1.68202156132817,0.281571752724971,-5.97368715096611,2.31950414644606e-09,3.22621940369316e-08
"FEN1P1",0.720624120258777,-1.67822657829609,0.491168777871853,-3.41680223561347,0.000633612891446619,0.00238756632550976
"AC020922.1",1.00169896190503,-1.67638143973135,0.361583575606637,-4.63622120257771,3.54836237787979e-06,2.37931582333101e-05
"AC244035.1",38.8110873783228,-1.67304829658979,0.24845320870565,-6.73385666985652,1.6522394322862e-11,3.73191233457685e-10
"LINC01748",72.5926008247927,-1.67044310072708,0.263778985068203,-6.33273761476931,2.40848955906336e-10,4.20379010589619e-09
"ZDHHC8P1",733.741033070821,-1.65565910560873,0.247608148996715,-6.68660992102768,2.28399607780122e-11,5.02348846410175e-10
"TTLL2",51.2491423340984,-1.64578724072314,0.226483868304149,-7.26668637835599,3.68412789674525e-13,1.20786764614719e-11
"LMO7DN-IT1",8.71834864035962,-1.64314140734647,0.455563397706937,-3.60683368246257,0.000309956190040904,0.00126770667903014
"AC010487.2",40.548844456952,-1.64212733959638,0.211035003873244,-7.78130314619609,7.17812586247313e-15,3.45390294230747e-13
"AC005009.1",2.91310039352306,-1.64014427498537,0.490920569149909,-3.34095651731499,0.000834902976769058,0.003040229285865
"AC008154.2",1.15511278571083,-1.63601189901398,0.311248466163166,-5.25628903230107,1.46991217205578e-07,1.37860329831213e-06
"AP005482.1",7.80464643716088,-1.63536596598052,0.392439728896716,-4.16717739199877,3.0839450791125e-05,0.000163848127973352
"AC024595.1",1.09665717005584,-1.63100934833666,0.674400648321556,-2.41845756286846,0.0155864635182368,0.0383118001143778
"AL512413.1",15.4340201788787,-1.62675192857642,0.193453697372221,-8.40899890089155,4.13524989530717e-17,3.17606962078612e-15
"CLIC6",2820.70043095865,-1.62360254280384,0.240157151927927,-6.76058376679572,1.37436839922401e-11,3.14481590507304e-10
"RF00019.343",2.95091648023787,-1.61783120446218,0.230151858126383,-7.02940752958763,2.07412357120187e-12,5.76152077890918e-11
"MUC3A",2169.49333411497,-1.61652878086392,0.178917212496093,-9.03506576204468,1.63903849883047e-19,2.09774151534619e-17
"AC093730.1",0.615579129266336,-1.61380360415198,0.591822308075439,-2.72683807644889,0.00639444097840343,0.0178771710799306
"WDR82P2",1.05784837049982,-1.61247092316213,0.294685382126149,-5.47183885243369,4.45389747353348e-08,4.66389111867346e-07
"ARPP21",94.4288136724248,-1.60672343351912,0.281995607580546,-5.69768957504131,1.21441911461357e-08,1.44649809647948e-07
"CGB3",0.804615435947204,-1.60252096112283,0.401247301182502,-3.99384857268846,6.50093906441543e-05,0.000318974556588956
"AC103853.1",2.1048950058772,-1.60205517375879,0.313191574814422,-5.11525629228076,3.13315241254984e-07,2.70977623190381e-06
"AC108748.1",1.23701015908155,-1.60146173192759,0.303559710540211,-5.27560699368717,1.32317383810049e-07,1.25594018960617e-06
"PRSS42",24.8474158473215,-1.59999942525238,0.178298497601629,-8.97371232385395,2.86685383736404e-19,3.46502873208175e-17
"AL353997.2",11.2801287188596,-1.59886493376518,0.245646430542937,-6.50880588914446,7.57505297740671e-11,1.49546207166868e-09
"CABP4",150.807803114104,-1.59651095038315,0.24664577573924,-6.47288989887676,9.61460138032371e-11,1.8535028540988e-09
"AL355388.1",18.5514392874718,-1.59481199679922,0.232093264484211,-6.87142731325456,6.35626773066829e-12,1.57501451557613e-10
"AC120498.2",7.48818152234107,-1.58104372865358,0.315923779507769,-5.00451004706563,5.60042911584799e-07,4.58547770207337e-06
"AC006159.2",57.1150935068742,-1.58100525539126,0.212168696064615,-7.45164241811509,9.21853047469957e-14,3.48119158650849e-12
"AL121845.4",29.4311223538629,-1.57894112577493,0.192208302285215,-8.21473946235662,2.12625393073618e-16,1.41344563023214e-14
"AC003084.1",0.61898188546088,-1.57543341623217,0.443301446316205,-3.55386482341504,0.000379614277616063,0.00151956064034104
"PICSAR",8.24601811658261,-1.5719742321523,0.504550409701026,-3.11559400592655,0.00183574825665766,0.00605001365789323
"DRICH1",54.3968770495658,-1.57010327466495,0.196571745021156,-7.9874311259534,1.37779585084304e-15,7.65450962897757e-14
"AL121821.1",16.8367549144436,-1.56801091876372,0.368088122350975,-4.25987915271173,2.04537460997608e-05,0.000114028571339255
"AC138761.1",0.884805712688818,-1.56749246593562,0.6549820910267,-2.39318370289872,0.0167028758550361,0.040625541349153
"ABRA",14.1612898020785,-1.56627545084194,0.221793461062294,-7.06186486896487,1.64282710983851e-12,4.67460088907259e-11
"AC024592.2",25.3639807871237,-1.56546521389565,0.283983063466283,-5.51253020087769,3.53711471601546e-08,3.80197923029529e-07
"AL512274.1",208.125506044064,-1.56284615950633,0.191663473797414,-8.15411579755796,3.51743729220681e-16,2.21700727223935e-14
"MTCO1P42",4.01332964336823,-1.55751691803528,0.330008857096906,-4.71962156330221,2.36283808720162e-06,1.66061949125311e-05
"CTSG",124.850961709862,-1.55260477646322,0.263820215200678,-5.88508646042234,3.97845956743847e-09,5.25320161240267e-08
"AP000346.1",21.7618259460763,-1.5497607203532,0.207778940522704,-7.45869969523625,8.73805087608435e-14,3.30947239271423e-12
"AL021331.1",4.96105190810419,-1.54625767872206,0.243688433996377,-6.34522391302762,2.22102169478882e-10,3.92095753041565e-09
"IRS3P",4.12945966147709,-1.54599216049738,0.241811024018505,-6.393389907563,1.62247827763111e-10,2.97179441673848e-09
"AC099792.1",168.116984312447,-1.54330350221333,0.235914254424591,-6.54179844273311,6.07833887456901e-11,1.22251660744853e-09
"MAS1L",3.50144158581029,-1.54229554963009,0.344983137706855,-4.47064039095335,7.79857315397199e-06,4.82402994584541e-05
"AC011891.2",0.98754593946512,-1.5417023846558,0.404447127433212,-3.81187621343753,0.000137915944345324,0.000620259786559934
"CRIP1P2",0.711768775047599,-1.54125809221114,0.371312565400989,-4.15083742330859,3.31261012986127e-05,0.000174709435103304
"LCN2",10068.8222512528,-1.54073141386059,0.235237146997973,-6.54969435534713,5.7654961306193e-11,1.1705869868992e-09
"AC087477.2",390.923084874694,-1.54051037447401,0.147714855192357,-10.4289468548572,1.82904222516694e-25,7.05205520335366e-23
"NDUFB4P11",196.869684111443,-1.53961867309157,0.218033348004043,-7.06139077891437,1.64844287844671e-12,4.68712121101705e-11
"AC107884.2",2.45001145590773,-1.53634483185626,0.324489885790465,-4.73464628370061,2.1943745588007e-06,1.55412023308449e-05
"AC099654.3",1.86272437271753,-1.53619351278722,0.476211277475435,-3.22586546234505,0.00125592378524722,0.0043331899296637
"AL359317.2",15.0408203187283,-1.53405748073018,0.137819271108343,-11.1309359597775,8.86992170946177e-29,6.45261700811336e-26
"AL157904.1",13.4764231927315,-1.53379891436334,0.161537530276182,-9.49500039861321,2.20210536996924e-21,3.96749414226794e-19
"HAR1B",6.87794435623719,-1.53205395316636,0.285489276812841,-5.36641505512916,8.03169997693004e-08,8.0059520245738e-07
"AC024230.1",9.72470122382812,-1.52827062570355,0.460929105374735,-3.31563055550825,0.000914366200694013,0.00329110373730007
"AC104260.1",3.03034886249389,-1.52756891747031,0.289327858999701,-5.27971596911408,1.29384293883161e-07,1.22931021068486e-06
"LINC00605",52.5632069201687,-1.52286691256109,0.22383770309576,-6.80344236694383,1.02148366419376e-11,2.41918453050705e-10
"RAET1L",24.2277079453012,-1.52253385605958,0.250289695749079,-6.08308644709831,1.17890741275397e-09,1.75024852545792e-08
"AC105383.1",14.5230858704659,-1.52213812638749,0.307839393378708,-4.94458525818016,7.63061412342315e-07,6.03871014250211e-06
"KRT16P1",1.09829405493381,-1.52007286935533,0.518167495606657,-2.93355504203456,0.00335104231125832,0.0101983414123353
"RAD17P1",0.62321430280586,-1.51955565278195,0.364082617369393,-4.17365614365553,2.99750057658892e-05,0.000159938599821426
"AC136475.3",1881.34767689072,-1.51112829266546,0.260215665889202,-5.8072149019225,6.35205848315027e-09,8.03622475653855e-08
"LINC02332",9.90617292346034,-1.50594791494278,0.244590563638053,-6.15701559595443,7.41285515269709e-10,1.1487541931969e-08
"ZDHHC22",1.27329610396241,-1.50352072731701,0.446950805003198,-3.3639512682078,0.000768351089263837,0.0028244123267991
"PTH1R",5965.6012665048,-1.49497038064291,0.186342276798926,-8.02271178781433,1.0343584730394e-15,5.92581356411697e-14
"CLCNKB",290.841901513739,-1.49429409100452,0.194365795340048,-7.68805071072414,1.4939360048028e-14,6.80049546649074e-13
"AP000346.2",96.2248792469356,-1.4914542644491,0.190489045122103,-7.82960649255752,4.89399306200382e-15,2.44420720853134e-13
"AL353611.2",1.81261401281825,-1.49069250387129,0.320590216534458,-4.64983778976631,3.32196194425784e-06,2.24036321012428e-05
"SCGB3A1",45.7020442757336,-1.48796061073549,0.230185658182922,-6.46417601548855,1.01852263050767e-10,1.95471172433319e-09
"DPPA2",12.6629186003934,-1.48684067931385,0.296993730677892,-5.00630325064477,5.54853199102775e-07,4.54588184118287e-06
"KIAA2012",6.80568952954493,-1.48149735003555,0.250996760196108,-5.90245606707445,3.58129503950905e-09,4.76797001185466e-08
"DLEC1",177.583986959448,-1.48060929157092,0.195466494126999,-7.57474726389137,3.59827441045933e-14,1.50963077442514e-12
"FHL1",46875.6129745912,-1.48044651903524,0.196807385389328,-7.52231180809903,5.38160492130033e-14,2.1749807059293e-12
"MIR6784",2.97664079606233,-1.47175549287236,0.255885832133522,-5.75160992932345,8.83975716629818e-09,1.08232987394028e-07
"NRG1-IT1",0.68532308107563,-1.46811475460366,0.519426597003307,-2.82641428658748,0.00470723399770102,0.0137429353907325
"CCN6",214.799385597711,-1.46791631640271,0.278044843246253,-5.27942291345658,1.2959138421984e-07,1.23097447893081e-06
"AC004593.1",1.01400235155346,-1.46785913600891,0.329305418407128,-4.45743997505126,8.29442519748081e-06,5.10291779023568e-05
"FOXCUT",42.565408165109,-1.46649253498187,0.190056457169122,-7.71608898126995,1.19953583516478e-14,5.53883876175008e-13
"PCP4",937.137757654991,-1.46545186909299,0.294911803721857,-4.96911907424063,6.72577600026956e-07,5.39012719738917e-06
"AL021396.1",1.79371325283184,-1.46309659530216,0.269224450367816,-5.43448633028416,5.49545096301574e-08,5.65321791168716e-07
"BX547991.1",89.3194435167347,-1.45924358727711,0.286338192308999,-5.09622406815497,3.46494988874865e-07,2.96942893777713e-06
"LINC02029",17.4264096464781,-1.45915286296474,0.171696890208071,-8.49842336221968,1.92183066419918e-17,1.59350759330889e-15
"RPL15P21",1.68933189622996,-1.45281776009203,0.242211348806864,-5.99814074463738,1.99589500219027e-09,2.82502671455389e-08
"COL4A2-AS2",5.47422125369957,-1.45142089015482,0.271183511795985,-5.35217233725754,8.69045714499643e-08,8.58663578904214e-07
"AL136982.6",8.5296230233108,-1.44794424909268,0.293127453853563,-4.93964052175072,7.82667239459133e-07,6.17991359504123e-06
"EVPLL",30.9809366160892,-1.4439880865739,0.221033681442849,-6.53288710185675,6.45137759645851e-11,1.29081118115752e-09
"ARPP21-AS1",0.72716968516718,-1.4422774095772,0.435575018252753,-3.31120323512283,0.000928957141405648,0.00333832338000151
"LINC02639",1.33051488661451,-1.44149053347479,0.347278399836344,-4.15082116870529,3.31284541975375e-05,0.000174709435103304
"LINC02308",96.3588525141365,-1.43686858389423,0.360292184836439,-3.98806481063839,6.66144671461413e-05,0.000325937486711501
"AL035665.1",44.8860185333953,-1.4363980237791,0.288021155205224,-4.98712680586125,6.1283844280246e-07,4.96503446116656e-06
"CHIT1",4753.51108271201,-1.43587548035591,0.300916271494135,-4.77167776015027,1.82697636796267e-06,1.32060181558247e-05
"KRT16P2",9.48459205998337,-1.43477483585076,0.483668142451847,-2.96644477880535,0.00301264456335183,0.0093110640308291
"MARK2P5",0.393967626307312,-1.43392262871856,0.582268376821088,-2.46264898764915,0.0137914860270171,0.0344930290125631
"HNF4A-AS1",15.9532448988272,-1.43308782923387,0.341016084196838,-4.20240538685758,2.64093640898067e-05,0.000142930859327146
"PRKCG",45.0262838142733,-1.43304922097944,0.336631187960652,-4.25703046013355,2.07160139929033e-05,0.000115356244296704
"SLIT2",1224.72143922885,-1.43022130439696,0.187471443744463,-7.62900885505768,2.36565390632871e-14,1.02829934625039e-12
"MTND5P32",0.821875745261515,-1.43005805690538,0.421458432110401,-3.39311767887652,0.000691019451496539,0.00257868234338953
"AC092954.1",8.40079914952106,-1.42952053415134,0.261224278540485,-5.47238772038483,4.4401207502094e-08,4.65072794471811e-07
"HCG22",8.70999277490402,-1.42700379868954,0.312495344345272,-4.56648018766275,4.9598189136912e-06,3.20158677442287e-05
"FAM230I",12.5855078661051,-1.42604649739105,0.296667874864522,-4.80687872942858,1.53304918817807e-06,1.12996070539846e-05
"ADGRA1",43.9576536539687,-1.42550176166538,0.417692658868241,-3.41280061164553,0.000642989676211353,0.0024184089314218
"AC087477.1",5.06001539086517,-1.42206578869892,0.241489024557907,-5.88873880004399,3.89153932130572e-09,5.14371580638544e-08
"NKAIN3-IT1",240.800530275369,-1.42175879828997,0.354110097665061,-4.01501907927732,5.94409861484516e-05,0.000294425316282078
"AC147651.3",0.490599701746294,-1.41882420777726,0.564674549139766,-2.51264061739407,0.0119831338258601,0.0306075990586195
"MSLN",2468.31847212584,-1.41678568661351,0.275199903269341,-5.14820561265566,2.62990125984419e-07,2.32405393019832e-06
"AC010551.2",0.989801757613983,-1.41124127779582,0.337787780483291,-4.17789321975084,2.9422171732622e-05,0.000157380862003742
"RN7SL477P",5.83427885122296,-1.40600603760421,0.218168704210522,-6.44458169512472,1.15919681399792e-10,2.19040147449117e-09
"KRT7-AS",271.062658310303,-1.40447660896622,0.244846342869266,-5.73615514329381,9.68499520046182e-09,1.17573890097294e-07
"LEP",17.8510288337151,-1.40381257223871,0.303786403992151,-4.62105134986548,3.81800251088264e-06,2.53717519492573e-05
"PPP4R1-AS1",10.7215262784001,-1.40134342395436,0.180510824106661,-7.76320993984452,8.28063718308145e-15,3.94645546638923e-13
"AC007790.1",2.26205825800718,-1.39936253222624,0.259692781474697,-5.38853072572824,7.10360197212496e-08,7.16605122023155e-07
"SBK1",1054.78721687784,-1.39920126362133,0.146557356993131,-9.54712402248708,1.33346613183551e-21,2.57065600895249e-19
"AC012409.3",59.0983025065465,-1.3947240372787,0.200197280646348,-6.9667481634903,3.2435051451001e-12,8.58905112462085e-11
"AL121820.2",10.7963259167589,-1.39316175219597,0.290799020248876,-4.79080621043241,1.66112504168733e-06,1.21299880885032e-05
"SRL",224.25828719219,-1.39193871779226,0.232885239640178,-5.97692975279538,2.27382187990056e-09,3.17413021004511e-08
"GUSBP11",223.091680548385,-1.38975584492374,0.157893300066484,-8.80186711113487,1.34558461842275e-18,1.44917208234378e-16
"AC080037.1",7.65463817461244,-1.38821754305948,0.289490188271848,-4.79538719894669,1.62360912768465e-06,1.18920732384136e-05
"AL355376.2",2.20229588453191,-1.38518763135601,0.334264336507494,-4.14398869418413,3.41316578340824e-05,0.000179450465011501
"AC236972.2",0.48161392782543,-1.38454339147481,0.425043844328092,-3.25741311149556,0.00112432673401937,0.00394050918615133
"AGAP11",28.028295247474,-1.38382477481684,0.266054527186282,-5.20128256959873,1.97917922133063e-07,1.80059542372873e-06
"KRT7",28138.1323462232,-1.38110637966605,0.227668363565857,-6.06630784371823,1.30884150472733e-09,1.92315903415651e-08
"LINC02438",1.94517945309384,-1.37959987824272,0.503198336191964,-2.74166224134021,0.00611291636791475,0.0172136724716127
"PTN",1677.77998056114,-1.37750755106482,0.293463516489259,-4.69396525859199,2.67959559997628e-06,1.85717217243727e-05
"DOC2A",1573.89791602814,-1.37556513225586,0.237949886762405,-5.78090265547962,7.43008761154333e-09,9.26202579859892e-08
"LINC01625",61.305599408587,-1.37518296687588,0.182570593724461,-7.53233551374286,4.98406909417763e-14,2.03135061305616e-12
"RPL6P7",1.81947769847648,-1.3737796642956,0.305137576209534,-4.50216483122433,6.72647809222164e-06,4.21358390452799e-05
"AC079336.4",0.879695636736415,-1.37267292197093,0.332920489560585,-4.12312538583218,3.73766105747746e-05,0.000194191159859993
"PROCA1",409.262097252437,-1.37235656649904,0.135762247688311,-10.1085286216663,5.06390608562635e-24,1.52534346122976e-21
"AC008687.4",9.80460150342763,-1.37156278789079,0.212413624143281,-6.4570377414474,1.06772277043637e-10,2.03797619489826e-09
"UOX",5.94644138037378,-1.37005338617656,0.22554079273719,-6.07452589639962,1.24354567590642e-09,1.83631356109721e-08
"LINC02253",12.7244327355763,-1.36890368535629,0.251051052496407,-5.45269048563692,4.96133807431321e-08,5.1435695292611e-07
"BMP7-AS1",0.833062711319032,-1.36711099008705,0.379143667152443,-3.60578616637523,0.000311209327746127,0.00127229210482236
"AP000346.4",4.16417809772537,-1.36259825083712,0.246892168292587,-5.51900151495423,3.40931255851542e-08,3.67485197109646e-07
"GNL2P1",0.526794965231764,-1.3615732162603,0.374933077309097,-3.63150999114919,0.000281767746702372,0.00116627345591591
"AC021683.3",1.95739618017061,-1.36153981474813,0.449317405519493,-3.03024053380248,0.002443590455026,0.00776391212064132
"TTBK1",239.561785709036,-1.35955591013172,0.181125478506546,-7.50615496694232,6.08893327950779e-14,2.42776537254087e-12
"MIR1915",0.721015233325863,-1.35565029525144,0.317503090224602,-4.26972315227689,1.95715747960946e-05,0.000109664531003956
"AC005703.3",0.581053319167384,-1.35564354407236,0.346985312169068,-3.906919101555,9.34804340415662e-05,0.000439701307174164
"DMRTC1B",2.2580227603745,-1.35461075923582,0.243296885908833,-5.5677274872454,2.5808302619798e-08,2.85609906948603e-07
"AL513174.1",5.8676982269795,-1.35212229016563,0.21246998580669,-6.36382727203559,1.96787433378626e-10,3.52899361923083e-09
"OLIG2",3.18380634079183,-1.35191165854314,0.432390570258785,-3.12659838472894,0.00176841322928117,0.0058541204145415
"AC027348.1",17.4963909798765,-1.34986405045693,0.231675694522388,-5.82652424217287,5.65936495330459e-09,7.26131364857277e-08
"MMP15",6770.03089802076,-1.34882749709222,0.118581809747338,-11.3746577149241,5.5921813853502e-30,5.01423594171075e-27
"AC068535.1",4.63496444048206,-1.34209926506218,0.286420815193267,-4.68576023064726,2.78922646452475e-06,1.92236117375878e-05
"AC105446.1",155.73590146881,-1.33967104739339,0.222463252991674,-6.02198803342827,1.72287635886448e-09,2.466662491362e-08
"AP002993.1",0.882183777090219,-1.33646578163633,0.391069145430789,-3.41746669930743,0.000632068260365421,0.00238244440772795
"AC116025.1",6.98834285385316,-1.33618070539361,0.208413397787879,-6.41120350023543,1.44375324342399e-10,2.67750601507722e-09
"AC011933.3",7.32564467014193,-1.33567896520589,0.154934667519759,-8.62091736205875,6.64198321481522e-18,6.05409704090817e-16
"AL136982.1",22.7653581774013,-1.33336661091643,0.234125599743911,-5.69509106383447,1.23306089971322e-08,1.46591809950243e-07
"RF00599",1.88546341605231,-1.33305021774905,0.353848360896563,-3.76729233497488,0.000165027715225334,0.000727843581357581
"MST1P2",313.401075209627,-1.33161576305676,0.208596378737805,-6.38369549420863,1.72864665861145e-10,3.1496899779904e-09
"IBA57-DT",15.0706517087118,-1.3311746446955,0.181543929386711,-7.3325208349982,2.25863343007121e-13,7.74078849154006e-12
"SLC15A2",1106.01196188369,-1.33012633154684,0.181623727909966,-7.32352731029841,2.41536410588485e-13,8.21948618415676e-12
"DNAJC9-AS1",43.8540587656387,-1.32900096560732,0.166546487105619,-7.97975981783699,1.46618309778006e-15,8.08728977367783e-14
"SEPT7P3",0.778182343124826,-1.3278389103099,0.483827380399647,-2.74444763587602,0.00606128236817193,0.0170919917346037
"AC012366.1",5.74916868315689,-1.32780673207392,0.205747472982023,-6.45357492283727,1.09241955020456e-10,2.07688994959009e-09
"NIFKP7",0.971609023947519,-1.32771830004693,0.346411299056963,-3.83278000360087,0.000126703254992069,0.000576421321471884
"AC006017.1",46.7610517819766,-1.32765866655756,0.19885477293949,-6.67652401263484,2.44675991887562e-11,5.3539883900209e-10
"AC011444.2",1.32559565788758,-1.32752540319359,0.250245678315195,-5.30488842856863,1.12741931431811e-07,1.08699122487745e-06
"FGF12-AS3",2.20734338056034,-1.32704105778432,0.277314537446468,-4.78532813318697,1.70708208740655e-06,1.24208826121999e-05
"SATB2-AS1",175.224857072766,-1.32513619804621,0.143038723404044,-9.26417802473724,1.9658562044094e-20,3.00775999274638e-18
"RF00019.433",0.321300704526427,-1.32434013947889,0.494588483459538,-2.67766068917622,0.00741382809523614,0.0202656899000301
"UGT2A1",19.1926659534374,-1.31907976451505,0.364957756475176,-3.61433547064445,0.000301118963622649,0.00123562609210673
"PGBD4P8",0.628123236258952,-1.31790736115891,0.452345572427448,-2.91349676329658,0.00357405542133761,0.0107935521912033
"GALNT16",1374.54374623277,-1.31730270180997,0.192212661930262,-6.85336069216872,7.21348971479603e-12,1.76586228218207e-10
"TPK1",3001.10279597907,-1.3159921456194,0.125753780643365,-10.4648316645964,1.25299049160383e-25,5.08529488360814e-23
"ABHD11",6956.20169433876,-1.31514365522457,0.102299992809149,-12.8557551091729,7.98423606941495e-38,2.79854732629421e-34
"AC068389.1",1.4947172984225,-1.31315538448722,0.29530546092168,-4.44676972917712,8.71711931504559e-06,5.33403034932388e-05
"AC087477.6",6.92954676826248,-1.31303350501225,0.245958525410175,-5.33843461137422,9.37525065104621e-08,9.19542518701952e-07
"OR13C2",0.509386570297408,-1.31261990199248,0.363179980119353,-3.61424080028064,0.000301229001601759,0.00123594608766175
"MKRN7P",13.4324570095637,-1.3114858721406,0.223182442844134,-5.87629499627133,4.19550401883528e-09,5.5039759425047e-08
"TMEM82",913.28647891283,-1.30785911764778,0.251453471465042,-5.20119730313447,1.9800875779871e-07,1.80099685437298e-06
"TMEM213",169.136198954945,-1.30621783592689,0.279517256871915,-4.67312054556061,2.96657529888352e-06,2.0276418582477e-05
"RNU1-75P",0.92838290434539,-1.30561219111194,0.331454296168504,-3.93904138882602,8.18078181478992e-05,0.000391311448064709
"EHMT2-AS1",7.28807561024821,-1.30541548379744,0.20771576446757,-6.28462402525664,3.28648074844795e-10,5.52369449595289e-09
"SRRM4",60.5680564290356,-1.3047843707889,0.298256943162579,-4.37469906636058,1.21600112496628e-05,7.15788387392362e-05
"GCM1",93.1957444720654,-1.30268658444012,0.244301842410392,-5.3322830953186,9.69855825832076e-08,9.46917225140074e-07
"AC074124.1",67.9051463947002,-1.30154991577622,0.23297125986738,-5.58674025507325,2.31371381194973e-08,2.57899825769106e-07
"VN2R10P",1.41610451759045,-1.30057044726532,0.307950712087963,-4.22330715992571,2.40743363358605e-05,0.000131511775540584
"AC115284.2",60.9659262632872,-1.30032822085712,0.143079598383342,-9.08814558853635,1.0074257791495e-19,1.34402451006533e-17
"VCX3B",3.68486828151506,-1.29707573192823,0.238041752643458,-5.44894211844845,5.06702987825624e-08,5.24186756066669e-07
"CR769775.1",0.964630892110639,-1.2969969201197,0.400270426976629,-3.24030163786102,0.00119403316537874,0.0041496967355393
"CNTN6",2227.59021263402,-1.29558072170544,0.244721873051104,-5.29409449818527,1.19607574949713e-07,1.14516753408521e-06
"PIP",19.3510314843199,-1.29423177904639,0.264448082300931,-4.8940864603193,9.87634152360937e-07,7.62957771557369e-06
"RF00019.401",0.624491191317393,-1.29256998402291,0.492758752942646,-2.62312942449825,0.00871261684621486,0.0233037568590121
"AC069294.1",7.30274769078398,-1.29025831749649,0.236889421592168,-5.44666920466297,5.13217809396751e-08,5.30499352790915e-07
"PTP4A1P2",1.19316239708817,-1.28995740080454,0.331336803182033,-3.89319082099024,9.89342696526672e-05,0.00046247692782835
"GPHA2",15.9496121933605,-1.28959363781018,0.261445181436324,-4.93255844581042,8.11594836471082e-07,6.39000418929529e-06
"AC091826.2",2.26331334636699,-1.28822775278913,0.279163499478509,-4.61459952750128,3.9385400452244e-06,2.61097575625295e-05
"AL117344.1",19.6381443291258,-1.28534294011065,0.206013952852846,-6.23910624650148,4.40078024144012e-10,7.18359369131944e-09
"AC005552.1",0.655678252159263,-1.28404216402617,0.351032762583231,-3.65789835278328,0.000254291850672873,0.00106593570282054
"AL109811.3",1.54546097168635,-1.28305844443303,0.24259587926547,-5.28887155180816,1.23073277175664e-07,1.17317753204364e-06
"CHL1",7591.3947278883,-1.28174675670798,0.194952805732238,-6.5746515003658,4.87672531663387e-11,1.00281078031006e-09
"TESC-AS1",8.60796649697882,-1.28073798330786,0.212156261173568,-6.03676731586099,1.57232187936906e-09,2.27476331635848e-08
"CDH9",109.663376180771,-1.27954359879003,0.244003090773376,-5.24396471673563,1.57162266698782e-07,1.46259916843791e-06
"TP53TG3D",2.4837279486693,-1.2792383648852,0.462283717276185,-2.76721484464687,0.0056537482220083,0.0161113020286587
"BX640515.1",0.821604505177672,-1.27888677470127,0.489617995375624,-2.61200933540062,0.00900117961956253,0.0239559247195315
"RBP4",17796.4498822282,-1.27864389154824,0.309314648461516,-4.13379675973323,3.56819042628874e-05,0.000186517285894779
"ST7-AS1",152.460667137078,-1.27766811330156,0.118849944299942,-10.7502626175163,5.90931280697687e-27,3.07891168359189e-24
"AC105393.2",1.28103011093528,-1.27665421323214,0.333774718423533,-3.82489788100778,0.000130826302994473,0.000592452306583852
"CASC9",99.39398769886,-1.27623193214729,0.476752178160052,-2.67692942080034,0.00743002847860496,0.0203056548072791
"AL691482.3",134.197383987944,-1.27373493681165,0.19066394828372,-6.6805232361823,2.38090625571427e-11,5.22174184273716e-10
"FUT3",674.21986497389,-1.27013270668322,0.243858792334751,-5.20847616164555,1.90397806675544e-07,1.73915608485721e-06
"AC107027.2",0.685287656824479,-1.26871716371753,0.431668918677225,-2.93909778727015,0.0032916920107514,0.0100422912776176
"AC005089.1",15.2791731815777,-1.26676852115955,0.215624726420269,-5.87487595782741,4.23160082674784e-09,5.54755530350526e-08
"RNU6ATAC40P",7.00861447084417,-1.26482958543911,0.221604115125911,-5.70760874508336,1.14574418972523e-08,1.3723303193242e-07
"PRR15L",2613.11747367974,-1.264756489361,0.17887879660627,-7.07046622269521,1.54414018789282e-12,4.41660749884241e-11
"AC092171.4",53.4025460687388,-1.26244746872085,0.18635510417489,-6.77441851840062,1.24907606057177e-11,2.89245505053485e-10
"SCHIP1",225.86121976059,-1.26047191987985,0.181598936163283,-6.94096533003096,3.89429587014766e-12,1.0158895234737e-10
"AC136475.9",14.4448871208827,-1.2591154749844,0.238297037412928,-5.28380666689772,1.26526779324664e-07,1.20364335150302e-06
"UPK1B",1774.79244052917,-1.2588375428807,0.257357021746533,-4.89140546598533,1.00118477220387e-06,7.72188039149681e-06
"LINC02294",135.82162836731,-1.25603725580735,0.346109683600883,-3.62901506464567,0.000284504639730229,0.0011763389693768
"AP001542.1",5.88652954774191,-1.25465619279357,0.221363692656689,-5.66784994294164,1.44600515195759e-08,1.68843654266738e-07
"DRC7",623.331458406032,-1.25442072254767,0.155950420557449,-8.04371490672299,8.71551529191365e-16,5.06077421076841e-14
"AC073349.1",11.179425525265,-1.25315678555484,0.216500380409059,-5.78824288062269,7.11265174007729e-09,8.89796886730759e-08
"HCG14",11.9024397518532,-1.25245792175231,0.152795134922006,-8.19697513531187,2.46511410365386e-16,1.6164105336816e-14
"CAMTA1-DT",28.3348821168095,-1.25228314454645,0.140949054855225,-8.88465088207025,6.41218093118786e-19,7.40203736475686e-17
"AC013643.3",17.7871838784871,-1.25211007329069,0.190378228529528,-6.57696041696539,4.80162532403111e-11,9.90643752398876e-10
"AC005154.5",3.66455218178091,-1.25157479787132,0.256280536435765,-4.88361236977906,1.04159745438371e-06,7.98645733167246e-06
"AL137798.1",2.25681996469688,-1.25002576211679,0.237632727455434,-5.26032662041984,1.43799738918732e-07,1.35260862009042e-06
"OR8X1P",0.30308592714158,-1.24688350127609,0.503077200469288,-2.47851323835179,0.013193121514012,0.0332141033688702
"AC137630.2",11.8034691079167,-1.24595318494734,0.135259662352199,-9.21156509841816,3.21403909405942e-20,4.67639270522096e-18
"AC019257.1",115.275719706934,-1.24465679375835,0.171389736513865,-7.26214310772141,3.81004776767833e-13,1.24597287303313e-11
"LINC00881",8.94676348983765,-1.2443582352473,0.191149460631824,-6.50987050203649,7.52156183898538e-11,1.48566259356516e-09
"AC021549.1",19.0759823818301,-1.24092714478742,0.254449069058285,-4.87691760626237,1.07756418260176e-06,8.2335641348382e-06
"AC012557.2",4.11453654381701,-1.24092217355916,0.217894399449574,-5.69506227187974,1.2332690033615e-08,1.46591809950243e-07
"LINC02157",6.93405722891647,-1.24091037376498,0.214909835698985,-5.77409763368427,7.73665691391214e-09,9.61310164269406e-08
"CASC6",2.31212578008739,-1.2404083852031,0.407599992276931,-3.04320021762991,0.00234076536030068,0.00748532381452707
"AL356218.1",2.53994986934193,-1.23935456450485,0.244040061010276,-5.07848817679432,3.80450102969177e-07,3.22955397844112e-06
"IQCJ-SCHIP1-AS1",2.07883450238756,-1.23851598448525,0.224813503661425,-5.50908181365515,3.60710239191541e-08,3.8632066617414e-07
"RPL9P29",86.4326169390805,-1.23827419063195,0.155931563469867,-7.94113881165084,2.00333321665592e-15,1.08331718795772e-13
"IFNE",50.9404345885442,-1.23710110698067,0.219918109375858,-5.62528074878253,1.85206507093461e-08,2.1120443914509e-07
"AC009560.1",19.3839094989789,-1.23672301752324,0.157483147360427,-7.85304991836863,4.06039959113933e-15,2.05719798470391e-13
"ENO1-AS1",10.7108153700525,-1.23288013179117,0.146821539984528,-8.39713390774332,4.5750821129845e-17,3.47237925094941e-15
"MLXIPL",2583.98299191566,-1.2306549117617,0.193268561108415,-6.3675897657838,1.9202167209092e-10,3.45800447881248e-09
"AC015987.1",13.9844511644367,-1.23060904496778,0.20450799206734,-6.01741297505168,1.77226535224887e-09,2.52829275238714e-08
"AC106738.1",15.4795603658941,-1.23018108615251,0.23577832717518,-5.21753250560006,1.81322410223724e-07,1.66414350121064e-06
"DPPA5",0.843895848968568,-1.22993354786453,0.520919044807774,-2.36108385770075,0.018221609719391,0.0437563767028426
"ASLP1",38.3039967683438,-1.2291522878167,0.166733262371264,-7.37196807844947,1.6812728055159e-13,5.91452137677657e-12
"TRIM74",24.2658590456522,-1.22660414281829,0.178482923001483,-6.87238937031582,6.31353402784965e-12,1.56845759006296e-10
"SUMO2P15",1.45053415221612,-1.22654037180279,0.248118536848021,-4.94336451997571,7.67857174146344e-07,6.07167785200706e-06
"LINC02313",49.7875145824036,-1.22649705970641,0.174546740120865,-7.02675431725122,2.11393103124831e-12,5.85522448569037e-11
"RADIL",119.589242190781,-1.22541731200074,0.225083925306866,-5.44426844489264,5.20187222910205e-08,5.37271325114542e-07
"AC107464.3",200.661331683881,-1.22523314643661,0.170982657739258,-7.16583285484451,7.73150588320135e-13,2.3733753251012e-11
"LINC00671",365.170012278502,-1.22509521295768,0.271692626846423,-4.50912204419217,6.50964547750834e-06,4.09505451184225e-05
"AC012213.4",46.998330715741,-1.22354120318262,0.210228428007396,-5.82005590195241,5.88279486401763e-09,7.51049797275046e-08
"AC024560.2",103.26823077971,-1.222771543129,0.162008816607328,-7.54756172370986,4.43482382710925e-14,1.8215420880745e-12
"AC012531.4",1.31371851566082,-1.22172686220172,0.324677793484231,-3.76289012282281,0.000167961008454987,0.000739511778233469
"AC013565.3",2.48209480247296,-1.22108590483828,0.204139683705737,-5.9816194611061,2.20929936028523e-09,3.09751804127845e-08
"AC092681.3",2.32527576698665,-1.2208851117713,0.216353338833629,-5.64301488644984,1.67097892363828e-08,1.923746293813e-07
"PCDH10",836.442085174617,-1.22058337635967,0.298694722901143,-4.08639082908618,4.38135500374259e-05,0.000224101251690501
"AL359715.2",33.2960885181813,-1.21872522110663,0.14565281569965,-8.36733032075235,5.89383049054909e-17,4.37846875517554e-15
"AC007448.3",45.4042858631486,-1.21784935946581,0.169542019367324,-7.1831712516486,6.81126943704701e-13,2.11615877852365e-11
"AC104809.1",2.05738675483263,-1.21718146084194,0.327895153069657,-3.712105682097,0.00020554212619111,0.000883192044736925
"AC021146.3",4.26493318461303,-1.21680306866326,0.323148738007698,-3.76545821025077,0.000166243928070748,0.000732537244650943
"SZT2-AS1",3.61042640451815,-1.21609551332315,0.223709763907012,-5.43604128887571,5.44773362353429e-08,5.60712273328853e-07
"FGFBP1",74.0377147182914,-1.21552669523798,0.286678363986885,-4.24003638898118,2.23483554816935e-05,0.000123253210406548
"GAS2L2",36.5707627107727,-1.2144871980525,0.25074361099768,-4.84354194796907,1.27544778498927e-06,9.57107138926554e-06
"AL122058.1",3.65751737102844,-1.21371501264304,0.33298014998172,-3.64500710540753,0.000267384414071062,0.00111403430612966
"MTCYBP22",1.21468287655874,-1.21266193283576,0.468430044259978,-2.58877915218166,0.00963168444048812,0.0253955566769787
"CFAP157",265.501173757967,-1.209943240912,0.136906957622812,-8.83770453979024,9.77052546851941e-19,1.08562645522834e-16
"AL391261.4",11.9701950478176,-1.20911652190465,0.160002315395431,-7.55686890478074,4.12887728865345e-14,1.70259885284837e-12
"AL353748.1",1.42686330977575,-1.20727147696605,0.276456234971518,-4.3669533338267,1.25991632860851e-05,7.3870641675532e-05
"RAB3B",785.485130771906,-1.20711619206726,0.208286772547587,-5.79545295797156,6.81370258846462e-09,8.55738974939731e-08
"BOLA2P3",2.5971302182462,-1.2062300167217,0.234968824307092,-5.13357472115205,2.84290088114123e-07,2.49059046519612e-06
"AP000346.3",1.94542001393163,-1.20568909893907,0.279090091659154,-4.3200713137876,1.55978785967817e-05,8.946620160332e-05
"AL390719.2",164.155937571705,-1.20548600044429,0.199885406614863,-6.03088550014562,1.63063694473332e-09,2.35031170247244e-08
"GGTLC2",37.1967302403,-1.20332404168749,0.191981486816024,-6.26791708744623,3.65909512825681e-10,6.08891116810831e-09
"RF00156",1.98335742906314,-1.20268176831621,0.214993432011736,-5.59403958094199,2.21846344844289e-08,2.47927758603375e-07
"SPAG6",457.894642557125,-1.2024054129084,0.313977930430264,-3.82958576502709,0.000128359142851766,0.000582991531604748
"PLCH2",555.945148508655,-1.20218760258705,0.201469258683224,-5.96710193130398,2.41504551077295e-09,3.34961932467339e-08
"AC022395.1",14.2855330612684,-1.19944563731883,0.225174062478095,-5.3267486677579,9.9986363475444e-08,9.74360709162772e-07
"AC024941.1",3.74620749135437,-1.19935889255708,0.197907692526129,-6.06019340253148,1.35957972689738e-09,1.99186285116303e-08
"CRIP1P4",0.708821712589607,-1.19824134136392,0.377053049258988,-3.17791181829398,0.00148339859608616,0.00501745032640564
"OR13C5",0.835832573039368,-1.19773015508337,0.263934212876925,-4.53798748569924,5.67936298166195e-06,3.61461735095672e-05
"MIR1302-3",8.64823452553942,-1.19653938012782,0.231726332463258,-5.16358830439581,2.42260214263882e-07,2.15668086380934e-06
"SCN2A",363.923933394982,-1.19493122399088,0.249007017523009,-4.79878533495733,1.59630771305004e-06,1.17210512634465e-05
"AC012409.5",10.1515264366962,-1.19469680946765,0.259851723121436,-4.59760972571782,4.27365569249184e-06,2.80659289524298e-05
"AC111000.4",131.825440656171,-1.19421476026378,0.280212333173943,-4.26182083685253,2.02767980347614e-05,0.000113188392214892
"AC126118.1",32.2777798488975,-1.19151434986276,0.185805622201651,-6.41269266098758,1.42971567917237e-10,2.65658398680338e-09
"AL137058.3",1.16958735150724,-1.19067480772712,0.272495167603278,-4.36952632297908,1.24516330845298e-05,7.30945744834244e-05
"KCNH8",122.040540254302,-1.188966625173,0.209288692429931,-5.68098835808371,1.33918593756961e-08,1.58191338875411e-07
"NKAIN3",31.1337540348731,-1.18817936822801,0.326202466163844,-3.64245979560197,0.000270045164876044,0.00112390558905017
"CLDN3",12751.8899848087,-1.18805747104566,0.178914002811854,-6.64038282288627,3.12869477309455e-11,6.70538942031315e-10
"AC016876.3",10.0577316478476,-1.18706827968496,0.162784355526049,-7.29227496001606,3.04764365873767e-13,1.01560024983828e-11
"PCOLCE-AS1",27.0049437109359,-1.18660197033702,0.159609726372666,-7.43439636984572,1.05046542879845e-13,3.9056649057621e-12
"OR8A2P",0.400115022880546,-1.18634744680976,0.42153976618701,-2.81431917453656,0.00488806691161161,0.0141958653091366
"SLC16A6",353.10578183932,-1.18577823410668,0.142921621529301,-8.2967029160356,1.07040613651812e-16,7.5865034925722e-15
"ITPRIP-AS1",5.7154524386098,-1.18562432270272,0.198735610855919,-5.96583731318434,2.43382691245839e-09,3.37185161468723e-08
"AL353746.1",6.62235339697868,-1.18368133997719,0.355468467088317,-3.32991938686674,0.000868711307250524,0.00314852727602474
"NLRP9",16.3574323062706,-1.1818154132211,0.252155274262327,-4.6868558140553,2.77434277683072e-06,1.91423693814397e-05
"AP000679.1",3.02915614604874,-1.18099175511819,0.220572704380817,-5.35420626243589,8.59327919538073e-08,8.50635359838509e-07
"EGFL8",176.768509549051,-1.18098854338624,0.158150889233491,-7.46747962727321,8.17453773671601e-14,3.11748246267876e-12
"ABCG5",66.7948455192884,-1.18050868285616,0.18857310786714,-6.26021756871022,3.84440735382665e-10,6.35068423025452e-09
"LINC01007",2.28114254602935,-1.17987877229632,0.266081671206613,-4.43427300702778,9.23834982035605e-06,5.61023492949516e-05
"AC006058.3",43.8170671333527,-1.17791162475779,0.231906153524995,-5.07925989394166,3.78908069621007e-07,3.21858989475822e-06
"LINC01449",2.60442692367715,-1.17710589176679,0.247457077839073,-4.75680834044397,1.96677735662885e-06,1.40949940078405e-05
"AC103724.3",0.632648051289436,-1.17608445140147,0.291807766034062,-4.03033979316434,5.56962796564469e-05,0.000278055905533338
"CNTN4-AS1",3.30755088116614,-1.17589848057616,0.240359791681317,-4.89224288451387,9.96933081590703e-07,7.69370534303666e-06
"COX5BP3",0.483466187022665,-1.17584137787459,0.376055039260282,-3.12678000589362,0.00176732119856818,0.00585151018737612
"AJ011932.1",41.2999331328493,-1.17523345998796,0.222815222492166,-5.27447562533246,1.33136211229026e-07,1.26215878046381e-06
"FAM166A",8.04441313060356,-1.17496764727207,0.209100595149682,-5.61915018190642,1.91898997639229e-08,2.1831979206191e-07
"AF123462.1",1.88775736660396,-1.17464696042735,0.347834940216352,-3.3770240554233,0.000732746415477567,0.00271312501634045
"HS3ST5",20.4266287717608,-1.17225573942608,0.306814594602053,-3.8207300436491,0.000133057231272074,0.000601002180052259
"LINC01952",4.91670248662519,-1.17114010273808,0.233361328617508,-5.01856974193716,5.20575948308655e-07,4.29976997921776e-06
"HOTAIRM1",974.278339961261,-1.16997812598791,0.153051427029026,-7.64434640498989,2.10009328224992e-14,9.25385103890604e-13
"AP003043.1",1.14903496175455,-1.16891959156971,0.351168009083238,-3.32866195477572,0.000872642520226896,0.00316128958093284
"SERTAD4-AS1",539.518350278758,-1.16546610198116,0.138297973607318,-8.42721025899026,3.54003435808093e-17,2.77982820183642e-15
"AL110292.1",6.81845866735701,-1.16486635834492,0.186477305840286,-6.24669234197651,4.19235678438263e-10,6.88417837217448e-09
"RNA5SP435",1.27906198060878,-1.16461244460586,0.257499141574581,-4.52278185272531,6.10321340344227e-06,3.86206295721517e-05
"AC005962.1",26.5989848785004,-1.16226041714019,0.125926109553517,-9.22970161836249,2.71386832306528e-20,4.05565531256221e-18
"AC084781.1",27.4421392230862,-1.16218873263304,0.184605126147134,-6.2955387907633,3.06333939417259e-10,5.19622145542096e-09
"KHDRBS2-OT",1.41818780522467,-1.16190432589297,0.403393924713668,-2.88032182615961,0.00397269425142408,0.0118471033767427
"ISPD",500.574370300545,-1.15970854577619,0.121846890578595,-9.51775248649573,1.76964839446748e-21,3.28031555274462e-19
"FAM41C",6.85247524695204,-1.1581957588629,0.240638722324026,-4.81300660042304,1.48676376862083e-06,1.09857539024425e-05
"CYP4F23P",40.5105389070314,-1.15678922499521,0.284669689623835,-4.06361923014634,4.83176233817436e-05,0.000244672220528829
"NPIPB13",19.4335485584774,-1.15670842589416,0.231713909478276,-4.99196801995438,5.97671528228347e-07,4.85439718609062e-06
"SLC44A4",11451.5225465459,-1.15659549326631,0.193549288891724,-5.97571553938044,2.29082432059278e-09,3.19208610425643e-08
"WFDC2",24646.2328306906,-1.1561870613218,0.168343305122998,-6.86803113718748,6.50940156319977e-12,1.60573567927531e-10
"C9orf50",88.9891907639947,-1.15602343115025,0.189897120806048,-6.08763011383912,1.14594238890554e-09,1.70524719207419e-08
"AC027013.1",6.40525871849178,-1.15557685305959,0.284743609517988,-4.05830654115729,4.9429857234866e-05,0.000249746766550582
"MIR429",12.5287995202695,-1.15413246995941,0.213560833513087,-5.40423284070337,6.50863523350334e-08,6.61954471281864e-07
"AC091286.1",6.18177651706709,-1.15151671476667,0.303905843104951,-3.78905750215867,0.00015121991142941,0.000672871887486711
"LINC00899",408.88723739367,-1.1499535608096,0.146117495195562,-7.87006072935017,3.54469141016362e-15,1.81499498021605e-13
"FBXO24",58.6598315766665,-1.14970817304572,0.122206949463121,-9.40787883255912,5.06249925113315e-21,8.5235686081524e-19
"KRT17",1041.57935592084,-1.14932168065784,0.269271627268424,-4.26826135496311,1.97002433854179e-05,0.000110337388722861
"LINC01770",44.2428128437376,-1.14912349180562,0.265853407479513,-4.32239519779024,1.5434440438571e-05,8.8654913409884e-05
"AC092954.2",2.18946395936539,-1.14885331940661,0.286147407466739,-4.01490032559581,5.94709222353903e-05,0.000294535758215505
"SLC9A3-AS1",2455.36218448064,-1.14870996766987,0.187104398145048,-6.13940655087841,8.28303331756723e-10,1.266256739238e-08
"RN7SL8P",51.6860435326383,-1.14867414074632,0.206633861255628,-5.55898309099153,2.71350981482953e-08,2.99005671393448e-07
"MTHFD2P1",164.629964458743,-1.14827936616631,0.210281473330167,-5.46067776671592,4.74320278457284e-08,4.93334034426734e-07
"UGT2B28",7.18154223810378,-1.14785852886521,0.260971103642428,-4.39841236383764,1.09045641927369e-05,6.49322589984808e-05
"AC005899.6",25.663096802958,-1.14719431007104,0.159684198109037,-7.18414422751901,6.76294431278929e-13,2.10283936228955e-11
"LINC02211",1.16759402101683,-1.14651035677065,0.42897592111089,-2.67266832553586,0.00752506110877556,0.0205391658013557
"AC012409.2",2.36941630915288,-1.14469393155758,0.214642004062459,-5.33303784856799,9.65831704075698e-08,9.43706269635842e-07
"SRPK2P",1.80161746319028,-1.14405594931155,0.274088527782574,-4.17403806925875,2.99247718694975e-05,0.000159736882763442
"AC106738.2",1.09545808459295,-1.14400361638702,0.337576117243449,-3.38887604291628,0.000701797278580257,0.00261460004569914
"AC110609.1",7.22768340602812,-1.14329984095871,0.144014128384863,-7.93880332284731,2.04141172644155e-15,1.09968540732581e-13
"AC013356.3",2.11796395624422,-1.14318692085952,0.260150599898077,-4.39432744459328,1.11116223569321e-05,6.60224551693441e-05
"CPNE7",1363.30926245415,-1.14250132529492,0.218051259122976,-5.23959976149726,1.60925233304893e-07,1.49293390166109e-06
"RF00275.3",2.71658065257156,-1.14188795461034,0.300777905057484,-3.79644892596784,0.000146783586534192,0.000655249272017172
"AC022296.3",3.97225473714246,-1.14159296205232,0.25840440344909,-4.41785413411979,9.96856561584731e-06,6.00731503414519e-05
"AL352984.2",0.571146348159768,-1.14032655444462,0.347073044819395,-3.28555205155159,0.00101782734577451,0.00361124055799043
"AC000032.1",1.42518497045446,-1.13913918026968,0.41475968788282,-2.74650409273025,0.00602341344730202,0.0170001265554628
"AC007671.1",4.26716847642225,-1.13715866307258,0.264357974450123,-4.30158638277483,1.69579639074667e-05,9.65250257217009e-05
"AL611929.1",4.68753733362384,-1.13704249218252,0.241074449408195,-4.71656160565257,2.39863760685941e-06,1.68332492846872e-05
"AC067747.1",6.68957658558565,-1.13601767297194,0.16070489443324,-7.06896748215636,1.56090716452778e-12,4.46125549559177e-11
"AC006159.1",4.08814421417321,-1.13596304972209,0.24345607776669,-4.66598763991715,3.07138163948189e-06,2.09149047142112e-05
"SENP3-EIF4A1",7.71178368170792,-1.13464339891943,0.1925002781618,-5.89424290579853,3.76403132036576e-09,4.98886186277147e-08
"MIR6891",0.539145325507027,-1.13456511278126,0.369545031505331,-3.07016741142383,0.00213938814785515,0.00691592600223889
"AL023583.1",15.7039164499515,-1.13378283218245,0.174729684012202,-6.48878202116635,8.65330549085302e-11,1.6901562639581e-09
"KANSL1-AS1",251.968128821239,-1.1336498754289,0.159707585941853,-7.09828445996074,1.26314991322713e-12,3.6979504976754e-11
"CALML3-AS1",16.1665429656403,-1.13239884892113,0.219175258866504,-5.16663630182299,2.38344407464894e-07,2.12476461831594e-06
"SOX9-AS1",389.219169022801,-1.13212704035858,0.139741626923545,-8.10157334849109,5.425291921304e-16,3.30977144490185e-14
"RN7SL265P",0.752369058192245,-1.13171912681375,0.343063690056259,-3.29886012311055,0.000970782712184135,0.00346552996029041
"AC137630.3",14.9038093132735,-1.13025821251895,0.185778463744976,-6.08390332084182,1.17291346800542e-09,1.7420204804475e-08
"AC021146.11",1.04685381567664,-1.1290282241628,0.414178839284233,-2.72594376408496,0.00641179215381579,0.0179165863373331
"AL031666.1",37.0927930481776,-1.12786894113793,0.130970471987384,-8.6116276747218,7.2030458234854e-18,6.48434284398741e-16
"LINC01887",0.604300422202778,-1.12742862147241,0.367190348827448,-3.07042008340535,0.00213757883170943,0.00691065650137421
"LINC01517",4.61056505073715,-1.12552033138462,0.211196357998433,-5.32926013521964,9.86136654286847e-08,9.61838726098752e-07
"PCAT14",4.74214819183455,-1.12463409248415,0.32885589853301,-3.41983859040089,0.000626583019286579,0.00236477436292221
"AC093620.1",19.6463888424479,-1.12353586200894,0.132565960185196,-8.47529682913584,2.34480899134341e-17,1.90730918713579e-15
"AC093726.2",99.2901237037071,-1.12328929316416,0.125608617231794,-8.94277254156279,3.7952637239226e-19,4.51636383146789e-17
"AC087639.1",3.55629182958272,-1.12311358970877,0.246438515288527,-4.55737849416045,5.17960361264653e-06,3.32730418009329e-05
"AL022069.2",23.0609278621555,-1.12276562957662,0.159396965640163,-7.04383314367008,1.87022087953219e-12,5.25187445238478e-11
"AL353747.4",0.481624232213588,-1.12265590300034,0.440481957571784,-2.54869895055209,0.0108125593861915,0.0280487815174594
"RNU6-903P",0.637705872649844,-1.122584853343,0.368564483268294,-3.04583025306273,0.00232038794653556,0.00742755314791409
"VN1R35P",0.643079921661033,-1.12145265520433,0.353254344043202,-3.17463231270888,0.00150026474443774,0.00506782963786067
"AC087477.3",0.886569974828782,-1.12049207327903,0.33251600568268,-3.36973876183367,0.000752394769224547,0.00277495051867435
"AC131238.1",1.94219437531821,-1.11858717714315,0.246968820641248,-4.52926476402473,5.91892913243889e-06,3.75345775707753e-05
"PPIAP83",0.567557881086799,-1.11831062382774,0.355942293604859,-3.14183125725768,0.00167894767189238,0.00559639547311167
"LINC01571",6.72043731449344,-1.11755809954642,0.378061090039174,-2.95602517421356,0.00311631654223232,0.00958690661472188
"AC002064.2",17.9456029127016,-1.11690255682678,0.208014450451043,-5.36935080425889,7.90205776153074e-08,7.89509559610208e-07
"AC130371.2",88.0596331448781,-1.11522090063354,0.151162606702262,-7.37762416885373,1.61139067318699e-13,5.69988796288053e-12
"SYNGAP1-AS1",5.5161440007146,-1.11505602776942,0.171747564392743,-6.49241246425814,8.44726026708522e-11,1.65158502463356e-09
"VTCN1",803.899577746216,-1.11365778773969,0.227236275692313,-4.90088030331752,9.54081751123838e-07,7.39259967771919e-06
"LINC02492",8.58354653481979,-1.11271250105543,0.294834546835291,-3.7740234751969,0.000160635635247634,0.00071026004043667
"C17orf50",15.2690355984781,-1.11253167954186,0.193242882024436,-5.75716770463596,8.55369235716076e-09,1.05030625007226e-07
"AC005326.1",2.69950526724055,-1.11232889544674,0.255375653822163,-4.35565755309367,1.32668050141172e-05,7.73031485755331e-05
"MIR4307HG",1.15654565417961,-1.11083882314618,0.265999115360219,-4.17609968981237,2.96549898248872e-05,0.000158472319845925
"AC093627.4",584.512255254375,-1.11074107768729,0.125941836291639,-8.81947659644402,1.14995980164041e-18,1.25959801454681e-16
"RPL12P24",0.589386866856327,-1.10825131915718,0.370015733310421,-2.99514647456201,0.00274313079547538,0.00858103394910998
"AC147651.1",216.006404219538,-1.10746841814567,0.197602416206497,-5.60452872695823,2.08822356342506e-08,2.35076051712165e-07
"AC109326.1",33.4796021273404,-1.10592557211951,0.152403186910908,-7.25657773000518,3.9700662919959e-13,1.29063976352609e-11
"AC004080.4",18.7351777959303,-1.10534892964,0.242907954135164,-4.55048470345661,5.35224782406975e-06,3.42678955670596e-05
"FAM183A",82.0698600910112,-1.10364777801145,0.220239132960841,-5.01113386696671,5.41102551977985e-07,4.44455687986007e-06
"MST1",2297.20080804236,-1.10334207891356,0.144617655692867,-7.62937328521481,2.35897668645198e-14,1.02655423389213e-12
"CXCL5",647.722638963838,-1.10287761032158,0.308476717075596,-3.57523777086652,0.000349909742645007,0.00141209127458875
"AC005162.3",117.539815892489,-1.10237507418511,0.191407235165385,-5.75931768322448,8.44546230221602e-09,1.03833942769209e-07
"GTF2IRD1P1",9.05840816753493,-1.10199984427775,0.154934521000657,-7.11268113239319,1.13810020607827e-12,3.35992278296737e-11
"HHIP",106.18168922424,-1.10198148983931,0.238664050537521,-4.61729149135541,3.88780992363227e-06,2.58000687462247e-05
"MOGAT3",199.141438579126,-1.10135382689582,0.266222354826833,-4.13696974325165,3.51922493127643e-05,0.000184332613028521
"AC087239.1",31.7042077446972,-1.10091871103963,0.190701346304125,-5.77299915483507,7.78728325106266e-09,9.66898500890412e-08
"HOXC-AS3",299.826722141634,-1.1003841532553,0.215202685290904,-5.11324545866069,3.16670375581295e-07,2.73695202889765e-06
"AC005154.1",10.111076407002,-1.09969412105396,0.190227993357574,-5.780926884861,7.42901746304781e-09,9.26202579859892e-08
"RNA5SP466",0.930733407596335,-1.09881743511013,0.364076119586981,-3.01809807343766,0.0025436657056205,0.00803881761851672
"AL360181.4",2.81896671115251,-1.09844009425748,0.221043881980622,-4.96933045337022,6.71844871542339e-07,5.38649425393771e-06
"TAS2R4",46.1261262952344,-1.09826291802837,0.170353245538042,-6.44697384285009,1.14105471200817e-10,2.16401896095361e-09
"PROC",1683.64254673653,-1.09824136872393,0.242690784493563,-4.52527017462031,6.03183987240313e-06,3.82254467653476e-05
"RF00019.191",1.07656288981475,-1.09766736257095,0.263820792809797,-4.16065523448838,3.17335831882315e-05,0.000168065938654595
"NSUN5P1",1158.96326053463,-1.09753155813464,0.135511889859691,-8.09915321283632,5.5343048905711e-16,3.35504181384999e-14
"AC125616.1",58.0142658040246,-1.09680832159247,0.229983174066503,-4.76908072098923,1.85068497816696e-06,1.3358718934887e-05
"BRD9P2",2.28474885169148,-1.09525800077635,0.264689528861094,-4.13789697495411,3.50503680420271e-05,0.000183639351845142
"AC006449.5",137.75096058864,-1.09455826804195,0.104454508143747,-10.4788035240725,1.081026856611e-25,4.43405015781846e-23
"AC091729.2",2.80328085924965,-1.09405470469885,0.279249600818959,-3.9178380255166,8.93467070879606e-05,0.000422577482640261
"PARD3-AS1",62.5851897874718,-1.09349913119952,0.147022470604209,-7.43763267414592,1.02505614540061e-13,3.8333719439443e-12
"AP000347.1",146.252131673963,-1.09313795544085,0.16299324251895,-6.70664586179859,1.99148777116985e-11,4.42557939511382e-10
"SYCE1L",567.371060685285,-1.09287907369748,0.179382492530121,-6.09245115441784,1.11194778636324e-09,1.65785997103717e-08
"TPPP3",638.607756901441,-1.09138857463191,0.16236088971313,-6.72199183288693,1.79257003387406e-11,4.01594016420966e-10
"LINC01780",13.1584705232249,-1.09034507517979,0.233513067241452,-4.6693107501876,3.02211951898813e-06,2.0612213015055e-05
"DICER1-AS1",582.432701758891,-1.08979216642336,0.130500193988736,-8.35088541337666,6.77531274133796e-17,5.00438616963652e-15
"AL353747.2",4.61743754227154,-1.08809813200122,0.278589582454566,-3.90573876601677,9.39379518987697e-05,0.000441691667488898
"AC005014.2",26.2835139281615,-1.08784291933842,0.16661603378076,-6.52904102116516,6.61921223233337e-11,1.3216486112369e-09
"CAMK2B",813.654226700955,-1.08739516255451,0.223957289338286,-4.85536847569182,1.20163089102423e-06,9.0736546483216e-06
"AC024337.2",87.7727002388461,-1.08683491848324,0.189693485034511,-5.72942670269099,1.00770619545055e-08,1.21847189381048e-07
"RNU1-94P",0.562683383495634,-1.0861135562056,0.345916126472075,-3.13981764100633,0.00169053032491148,0.00562673404759039
"MTND6P3",8.5899626394211,-1.08475846426733,0.2367274511445,-4.58230956749156,4.59868434050425e-06,2.99252107059041e-05
"AC097381.3",3.95976038660732,-1.08469540658125,0.240940790389882,-4.50191686026275,6.73433261672991e-06,4.21781884942557e-05
"Z92544.1",15.1530282723016,-1.08362152264837,0.144593430209544,-7.49426527248155,6.66707641152387e-14,2.61767615196247e-12
"MESTIT1",48.4628116978044,-1.08350436059918,0.22121633339106,-4.89794014750165,9.68465223435466e-07,7.49501107081049e-06
"TRIM73",41.6677931117493,-1.08340020261372,0.153078107413658,-7.07743400358407,1.46848086585493e-12,4.215841270581e-11
"AC003102.1",174.718417091669,-1.08210040290207,0.128763700139179,-8.40376908812374,4.32372466827576e-17,3.30109957049585e-15
"PLEKHG6",499.69744954558,-1.07939925197364,0.195024021295549,-5.53469898119815,3.11763317337979e-08,3.39174561605054e-07
"AC125603.3",5.73312675639284,-1.07926370561849,0.154802422796046,-6.97187864456382,3.12736278211704e-12,8.32150444632882e-11
"RF00019.565",0.433104687194533,-1.07877490447094,0.336040854983485,-3.21024925532926,0.00132619917712574,0.00454375158511846
"LINC02097",15.5813267994442,-1.07797807690186,0.178485804642164,-6.03957316977136,1.54522430837651e-09,2.24060430363913e-08
"FO393415.1",3.38267718863641,-1.07704720118053,0.288303024698172,-3.73581651565434,0.000187107066780306,0.000813773273184599
"MESP2",95.3853926359458,-1.07653901266405,0.177782972209671,-6.05535501675842,1.40108316471095e-09,2.04854616983676e-08
"AC025162.2",12.0892095388202,-1.07589667706612,0.166940143923193,-6.44480501682761,1.15749127446542e-10,2.18873141629666e-09
"PCAT18",4.41105958516686,-1.07503541763795,0.221666127855251,-4.84979562750315,1.23588746085548e-06,9.30136188575913e-06
"LINC01783",9.67397689040057,-1.07436555736402,0.254925380787993,-4.21443150949929,2.50408125936765e-05,0.000136173987357093
"AC008080.4",2.79204170038134,-1.07284285058504,0.212226079168916,-5.0551885743087,4.29965712130616e-07,3.60542801150675e-06
"XXYLT1-AS1",2.40522288746587,-1.07108232639756,0.259812287181662,-4.12252375750287,3.7474394754719e-05,0.00019464674177057
"FAM242A",0.874597864740625,-1.07083400534038,0.391505506728855,-2.73516971520404,0.00623481209654368,0.0175057832212597
"OCM",8.17299032671148,-1.07021860555334,0.171368163104585,-6.24514254085919,4.23413803337612e-10,6.9350648264592e-09
"LINC01268",445.98532249143,-1.06885380678692,0.167174769547428,-6.39363110641936,1.61991973498664e-10,2.96992987646909e-09
"GPC2",67.6489455445017,-1.06860664542621,0.143692022706991,-7.43678476574348,1.03165434646736e-13,3.84313671327493e-12
"DBH-AS1",177.733440187783,-1.06839080377901,0.204914996371706,-5.21382437935873,1.84986610489129e-07,1.69494861074593e-06
"LINC00479",14.2545757176733,-1.06838860206979,0.217560494101038,-4.91076565386738,9.07214578096434e-07,7.06637682284568e-06
"RUNDC3B",356.906455143897,-1.06798750925534,0.132698987480218,-8.04819636935469,8.40230592221252e-16,4.89364512291278e-14
"ZIC1",9.56415342395051,-1.06694527369759,0.421111620333656,-2.53364006638485,0.011288461592352,0.0290681844089176
"MTATP6P3",1.31941621662592,-1.06690399231118,0.430425266890705,-2.47872063835437,0.0131854532749503,0.0332020618041427
"AC004846.2",38.8920005373711,-1.06484840669281,0.161334309849744,-6.60026009151145,4.10437073259496e-11,8.62387563847037e-10
"AL513477.2",51.6001810818452,-1.06456805657168,0.147797738857056,-7.20287106422708,5.89577196541929e-13,1.8481088121846e-11
"AC009779.5",0.906782205886846,-1.06456165049958,0.351222469265372,-3.03101806876494,0.00243730661989673,0.00775225161167614
"AL022068.1",82.9770469764304,-1.06436665576614,0.189683221789635,-5.61128520342487,2.00829457765491e-08,2.27006173368697e-07
"RNU6-758P",0.734024342806814,-1.06178960129607,0.309946461454064,-3.42571938493783,0.000613173521499568,0.0023221214315821
"HCG21",3.63662555501077,-1.06142548692908,0.221317612399401,-4.79593772687906,1.61915579528438e-06,1.18639625319241e-05
"CACNB2",431.049777791898,-1.0612248083335,0.172794147283262,-6.14155528424139,8.17173743938814e-10,1.25180996254428e-08
"RNU6-833P",13.0368218618946,-1.06104049367113,0.179715047079803,-5.90401589022188,3.54757970196817e-09,4.72961559436669e-08
"IQCF1",0.633575294412378,-1.05966488624252,0.442195897899263,-2.39636977926901,0.0165583760308263,0.0403427959712188
"AL008635.1",10.6114929291722,-1.05935727802858,0.151416575878019,-6.99630982860154,2.62792058153823e-12,7.09538557015322e-11
"CABP1",793.1960647068,-1.05324577094219,0.202542130096774,-5.20013179696962,1.9914726110977e-07,1.81049794844336e-06
"AC012409.4",3.21493140722365,-1.05292448606023,0.185336652623487,-5.68114547854305,1.33795609490356e-08,1.58094499525289e-07
"AL162385.2",3.53060886584895,-1.05245166759714,0.214262175616361,-4.9119806824027,9.0160937667661e-07,7.02981822591373e-06
"RPS12P2",0.978826743055586,-1.05238397938128,0.295136794785175,-3.56574984202594,0.000362817330236888,0.00145898883861217
"AC092598.1",3.27444440909941,-1.05163035406793,0.304418381883773,-3.45455602109284,0.000551199689177689,0.00211589558103693
"CHL1-AS1",23.4239673982144,-1.04986686682489,0.210215388621797,-4.99424363605334,5.90667942305894e-07,4.80561156014899e-06
"AL022069.1",17.9657640576804,-1.04936842309609,0.130081259281857,-8.06702232811523,7.20333795415972e-16,4.25316842512377e-14
"AC092171.1",6.27911230695499,-1.04895306647522,0.159537414343919,-6.57496594632003,4.86643043435359e-11,1.00122781124299e-09
"LINC01765",2.17275261378719,-1.04883303983797,0.287997812905349,-3.64180904451058,0.00027072886526709,0.00112590034831603
"AC098851.1",21.6103178815535,-1.04825172731833,0.166733667752118,-6.28698295581643,3.23694898699833e-10,5.44994782282566e-09
"AC010328.3",0.715510729385151,-1.04774646390549,0.292744847612309,-3.57904322638345,0.000344854430147809,0.00139314830351833
"AC010271.2",5.65556537284027,-1.04493457452978,0.183229512089065,-5.70287265744533,1.1780499176637e-08,1.40665508285667e-07
"AC005674.1",12.8345993952596,-1.04459198871593,0.17944799801507,-5.8211403875802,5.84474488575895e-09,7.46933986792583e-08
"AC006378.2",42.9468036514821,-1.04415197204618,0.190868603825366,-5.47052763586783,4.48697730584583e-08,4.69215885555172e-07
"SAMD13",144.755382510733,-1.04409618436907,0.10003990335968,-10.4367972109606,1.68396555670861e-25,6.55828040449064e-23
"AC005013.1",7.18048147089491,-1.04397284440901,0.212414749692178,-4.91478508870917,8.88799032802934e-07,6.94397882649441e-06
"MTND2P5",0.839626594640361,-1.04352536489316,0.341503670118854,-3.05567833145096,0.00224552021568213,0.00721818403360999
"MYL3",1349.44775359631,-1.04335945155664,0.186072746700269,-5.60726635178501,2.05547215473683e-08,2.31863032176809e-07
"RHEX",9168.82804035752,-1.04294440311446,0.144873843410584,-7.19898346424535,6.06631064714555e-13,1.89847949116351e-11
"PPIAP4",18.897579357633,-1.04293211843463,0.122940057537305,-8.48325711998434,2.18976034075549e-17,1.79253502543883e-15
"AL157931.1",1223.78969613951,-1.04209690295114,0.260935455846817,-3.99369606391439,6.50512400418506e-05,0.000319089579541335
"MACC1",7643.04681327962,-1.03926985770266,0.140547710006009,-7.39442754106935,1.42018772176239e-13,5.13184234304316e-12
"AF228730.2",0.748198150012341,-1.03916008301598,0.34307648343015,-3.02894582754913,0.00245408684005978,0.0077921248625006
"AXIN2",398.974598682511,-1.03888131327573,0.108593962788276,-9.56665809591302,1.10417137225324e-21,2.16103712835513e-19
"AL513128.1",2.02470097269836,-1.03842754676442,0.384043786677455,-2.7039300798181,0.00685247065443572,0.0189610921883468
"AL117692.1",0.689150260805659,-1.0381305007684,0.294738027461688,-3.52221431930205,0.000427958014384585,0.00169095605683665
"AC106820.3",30.5513374907772,-1.03776163609974,0.148603388095209,-6.98343186788488,2.88055174783518e-12,7.71803705278201e-11
"AC021146.12",19.1928974843172,-1.03662588701612,0.344440635317272,-3.00959230916893,0.00261598572307809,0.00823295612921385
"AC006994.2",25.9259978892717,-1.03657432755287,0.14780091210407,-7.01331482192067,2.32736941557676e-12,6.38676549373507e-11
"AC245008.1",0.492652401453556,-1.03613959921668,0.346444553522091,-2.99078045442734,0.00278265475138455,0.00869010502141444
"NMU",32.8084275379593,-1.03594325615666,0.348227164526918,-2.9749065026677,0.00293077860065564,0.00910108728470351
"AL133351.1",25.9554466344648,-1.03428022760973,0.32933729340173,-3.14048924410178,0.00168665900881149,0.00561724321877306
"AQP5",24.8740672529854,-1.03415617087892,0.277351714728767,-3.72868136723171,0.000192484350305545,0.000834243099188466
"AC110760.1",2.18365202200926,-1.03357143326399,0.379268387839032,-2.72517158404106,0.00642680782242813,0.0179494387831611
"AC073534.1",48.9892658855286,-1.03330150718038,0.148933330011457,-6.93801385560162,3.97650725769498e-12,1.03523439451511e-10
"AL158071.1",3.62819671005251,-1.03240332115942,0.270193062136993,-3.82098382909615,0.000132920368424458,0.000600524692403725
"Z97653.1",15.3226806652638,-1.032170516672,0.176430183975112,-5.85030573236606,4.90670253622743e-09,6.38053365891348e-08
"PSORS1C2",37.8836195793516,-1.03208153114449,0.203390029276151,-5.07439590238315,3.88728964850651e-07,3.29692784179096e-06
"CDC42BPG",3131.2723341064,-1.03174775683139,0.144132804309888,-7.15831320823483,8.16757791489896e-13,2.48547067156152e-11
"AC000068.2",14.6942192191769,-1.03144717886664,0.143933990161401,-7.16611258890287,7.71573261570652e-13,2.37042061140383e-11
"DLG1-AS1",37.6121878646724,-1.03114415567716,0.13345162175728,-7.72672630050601,1.10347546684677e-14,5.11365385814229e-13
"AC012531.5",1.00884758059767,-1.03007983564483,0.353731704830286,-2.91203706532058,0.0035908002352106,0.0108381786338484
"KMT2E-AS1",354.516355759681,-1.02965921848376,0.128652818243797,-8.00339419329747,1.21035686340899e-15,6.81263054388277e-14
"AL158168.1",0.584195226345486,-1.02911137646258,0.336598088019963,-3.05738925172251,0.00223274129578174,0.00718337561750339
"AL645929.2",20.7326402025499,-1.02885518641037,0.211754575933525,-4.85871524558387,1.18149915251797e-06,8.9439547170009e-06
"NSUN5P2",167.256942120371,-1.02822324192273,0.134693689326202,-7.63378928193567,2.27952385090176e-14,9.94223094970228e-13
"CLDN7",7560.51471619536,-1.02732977776516,0.162569739726301,-6.31931735570683,2.62721252400456e-10,4.53220608839016e-09
"AL132712.1",47.4337461625802,-1.02638447906865,0.172222916075415,-5.95962780364958,2.52813077312599e-09,3.49496629934191e-08
"ASRGL1",6137.55505153448,-1.02533550476224,0.150543436917526,-6.8108947540766,9.69935732941354e-12,2.30844704440042e-10
"PLCG1-AS1",27.5813953992275,-1.02526468053496,0.157388776396945,-6.51421723966631,7.30696841784772e-11,1.44549755935627e-09
"ATP6V1FNB",2211.88799999961,-1.02518598576636,0.17194106611015,-5.96242659743427,2.48519301223644e-09,3.44054225421143e-08
"AP003716.1",95.2024887908998,-1.02439972299953,0.267935918518305,-3.82330121569553,0.000131676756079854,0.00059581375512438
"AC093458.1",7.00442381016231,-1.02406453504448,0.185086332621214,-5.53290197359014,3.14975521202882e-08,3.42090033676009e-07
"AC114501.2",0.429344910864706,-1.02399613984313,0.428623743090018,-2.38903270374379,0.0168927985572026,0.0410202003508946
"AC005014.3",6.22149445898379,-1.02338005200569,0.177309373595756,-5.77171996748957,7.84664405998718e-09,9.71532461068933e-08
"AC008056.2",0.561004382254976,-1.02265963407642,0.391947142416887,-2.60917742063468,0.00907601719134658,0.0241267870125179
"AC016746.1",3.25931527493943,-1.02195839135222,0.299559254170665,-3.41154004466172,0.000645970122539155,0.00242867128665233
"AL359915.1",7.98286353403054,-1.02098763916531,0.220323831284237,-4.63403179408292,3.58611881128623e-06,2.40004160541489e-05
"MIR4783",1.5328286684338,-1.02076905426985,0.308733935766307,-3.30630661555299,0.000945345797106814,0.00338837524897744
"AC092535.4",424.372307791715,-1.02050578989482,0.181755498036739,-5.61471757893418,1.96883547944267e-08,2.23134687670169e-07
"AC115284.1",1.74036576098464,-1.020215381162,0.23257558138979,-4.38659714431562,1.15137754475725e-05,6.80866757908903e-05
"C6",1845.76563042346,-1.02018630180554,0.280684262816707,-3.63464018811679,0.000278368861368818,0.00115381528907075
"EPHA1",1244.31895407234,-1.01983966431359,0.161345069220185,-6.32086043436401,2.60110871691337e-10,4.49320554163584e-09
"AL359694.1",1.34933427792834,-1.01897373192993,0.274575799860746,-3.71108354212829,0.000206373975177193,0.000886272553679199
"AC012254.5",9.08291217831826,-1.01879631088776,0.193585330466174,-5.26277641200595,1.41896101183614e-07,1.33665919306998e-06
"FCRLB",587.74157902471,-1.01775136572604,0.194480017838006,-5.23319247416868,1.6660709097403e-07,1.54119553733078e-06
"FMC1",969.871610940074,-1.01716518964348,0.0960449848821855,-10.5905080925485,3.29796853277734e-26,1.4959585264678e-23
"KIAA1211L",923.670834127601,-1.01711123717075,0.139046526111655,-7.31489858548498,2.57575847413108e-13,8.72679646121248e-12
"AC046158.1",4.53684199546632,-1.01607450727282,0.21577228521864,-4.70901305162172,2.48919133770597e-06,1.74082127270388e-05
"VSIG2",56.2721170461093,-1.01537886653607,0.260788875988857,-3.89348994540494,9.88122998007292e-05,0.000462018800766058
"MORN5",125.416528392581,-1.01429830295794,0.16435538423309,-6.17137252722708,6.76997010856895e-10,1.05762952798211e-08
"AC072052.1",19.8826095447328,-1.01427958240583,0.185189029127474,-5.47699605740496,4.32606852637629e-08,4.54498557997942e-07
"DNAAF1",520.259726558375,-1.01415383199319,0.154912418234899,-6.54662707837532,5.8851073791199e-11,1.1892358496297e-09
"MIR4728",2.58688227707233,-1.01348012133552,0.257792791085714,-3.93137495066163,8.44614251659581e-05,0.000401986755795418
"AC007001.1",1.41171101464247,-1.01329570050871,0.253068117452009,-4.00404330150704,6.22689592620061e-05,0.000306895307849406
"SNORA80D",2.35418670099505,-1.01240969203017,0.208945740036276,-4.8453234406904,1.26405580347554e-06,9.49667489454462e-06
"ZNF793-AS1",107.475028449991,-1.01166198957172,0.129598377931701,-7.80613157137561,5.89700190458979e-15,2.8816832120832e-13
"CCDC13-AS1",130.320610457742,-1.01070137703068,0.160605155503259,-6.29308177476386,3.11224274551414e-10,5.26296628491418e-09
"IL20RA",176.319003914227,-1.00918866750974,0.286570910552371,-3.52160191543693,0.000428947749835503,0.00169456896024893
"MIR3183",0.609320426684684,-1.0085642543637,0.364345554514502,-2.76815304006558,0.00563749762004399,0.016073309046692
"IFNA1",2.28773187432994,-1.00852203292561,0.223521993733024,-4.51195882822252,6.42316582066077e-06,4.04461181416621e-05
"RNU2-3P",1.10902782345808,-1.00811328734709,0.325907171375021,-3.09325285201244,0.00197975376904293,0.00645563145460244
"AC211486.1",1.71271093171009,-1.00791171442049,0.229172253090399,-4.39805299650699,1.09226311325978e-05,6.50297970890117e-05
"NT5CP2",1.91836481589479,-1.00766203922264,0.312400419155646,-3.22554637393298,0.00125732464697947,0.00433724694362892
"ASB18",8.48154003265736,-1.00695033060315,0.32412070505866,-3.10671399539538,0.00189179329243244,0.00620977202307382
"AL353600.1",5.01715989357124,-1.00688498592725,0.179677696549346,-5.60383957087695,2.09654772654751e-08,2.35875384139964e-07
"AC117500.1",1.10966225891742,-1.00677965759166,0.383694587654421,-2.62390893691321,0.00869270228933648,0.0232569446580846
"MIR3609",3.65672187851623,-1.00628261482456,0.235369541584343,-4.27533064835396,1.9085383070941e-05,0.000107298925296471
"MTND6P4",79.5433826304595,-1.00409956716977,0.218968378948,-4.58559163653591,4.52702663755738e-06,2.94987390633196e-05
"AC127024.6",16.5242914079373,-1.00408000409734,0.164698280634313,-6.09648139756081,1.08428560856518e-09,1.61912145328578e-08
"ADAMTS13",609.687701492404,-1.00361113765882,0.120627629075127,-8.31991099678974,8.80293899890309e-17,6.3204118443521e-15
"ZNF577",440.647063946951,-1.00146354094557,0.160712850404043,-6.23138435058443,4.62331240262716e-10,7.52136848083092e-09
"AL121839.2",125.551992905302,-1.00081260583693,0.137349523243492,-7.28661142902332,3.17847918883584e-13,1.05646072073064e-11
"GPC6-AS2",0.952964840274169,-1.00020463197684,0.318185051368564,-3.14346832974962,0.00166958481342168,0.00556903815782389
